{"assets/images/0.png":["assets/images/0.png"],"assets/images/1.png":["assets/images/1.png"],"assets/images/10.png":["assets/images/10.png"],"assets/images/11.png":["assets/images/11.png"],"assets/images/12.png":["assets/images/12.png"],"assets/images/2.png":["assets/images/2.png"],"assets/images/3.png":["assets/images/3.png"],"assets/images/4.png":["assets/images/4.png"],"assets/images/5.png":["assets/images/5.png"],"assets/images/6.png":["assets/images/6.png"],"assets/images/7.png":["assets/images/7.png"],"assets/images/8.png":["assets/images/8.png"],"assets/images/9.png":["assets/images/9.png"],"packages/cupertino_icons/assets/CupertinoIcons.ttf":["packages/cupertino_icons/assets/CupertinoIcons.ttf"],"assets/DIN2014-ExtraLight.ttf":["assets/DIN2014-ExtraLight.ttf"],"assets/DIN2014-Light.ttf":["assets/DIN2014-Light.ttf"],"assets/KaushanScript-Regular.ttf":["assets/KaushanScript-Regular.ttf"],"assets/MuseoModerno-Light.ttf":["assets/MuseoModerno-Light.ttf"],"assets/NoticiaText-Regular.ttf":["assets/NoticiaText-Regular.ttf"],"assets/SourceCodePro-Light.ttf":["assets/SourceCodePro-Light.ttf"],"packages/font_awesome_flutter/lib/fonts/fa-brands-400.ttf":["packages/font_awesome_flutter/lib/fonts/fa-brands-400.ttf"],"packages/font_awesome_flutter/lib/fonts/fa-regular-400.ttf":["packages/font_awesome_flutter/lib/fonts/fa-regular-400.ttf"],"packages/font_awesome_flutter/lib/fonts/fa-solid-900.ttf":["packages/font_awesome_flutter/lib/fonts/fa-solid-900.ttf"]}