[{"family":"MaterialIcons","fonts":[{"asset":"fonts/MaterialIcons-Regular.ttf"}]},{"family":"Museo","fonts":[{"asset":"assets/MuseoModerno-Light.ttf"}]},{"family":"Noticia","fonts":[{"asset":"assets/NoticiaText-Regular.ttf"}]},{"family":"DIN-EXTRALIGHT","fonts":[{"asset":"assets/DIN2014-ExtraLight.ttf"}]},{"family":"DIN-LIGHT","fonts":[{"asset":"assets/DIN2014-Light.ttf"}]},{"family":"SOURCE-CODE","fonts":[{"asset":"assets/SourceCodePro-Light.ttf"}]},{"family":"Kaushan","fonts":[{"asset":"assets/KaushanScript-Regular.ttf"}]},{"family":"packages/cupertino_icons/CupertinoIcons","fonts":[{"asset":"packages/cupertino_icons/assets/CupertinoIcons.ttf"}]},{"family":"packages/font_awesome_flutter/FontAwesomeBrands","fonts":[{"weight":400,"asset":"packages/font_awesome_flutter/lib/fonts/fa-brands-400.ttf"}]},{"family":"packages/font_awesome_flutter/FontAwesomeRegular","fonts":[{"weight":400,"asset":"packages/font_awesome_flutter/lib/fonts/fa-regular-400.ttf"}]},{"family":"packages/font_awesome_flutter/FontAwesomeSolid","fonts":[{"weight":900,"asset":"packages/font_awesome_flutter/lib/fonts/fa-solid-900.ttf"}]}]